time,steps,source
2017-04-11T14:00:00Z,3778,health_connect
2017-04-14T14:00:00Z,1789,health_connect
2017-04-19T14:00:00Z,8275,health_connect
2017-04-20T14:00:00Z,1093,health_connect
2017-04-21T14:00:00Z,3790,health_connect
2017-04-22T14:00:00Z,1997,health_connect
2017-04-23T14:00:00Z,3459,health_connect
2017-04-24T14:00:00Z,2431,health_connect
2017-04-25T14:00:00Z,8,health_connect
2017-04-26T14:00:00Z,6069,health_connect
2017-04-27T14:00:00Z,4623,health_connect
2017-04-28T14:00:00Z,1386,health_connect
2017-04-29T14:00:00Z,1544,health_connect
2017-04-30T14:00:00Z,2930,health_connect
2017-05-01T14:00:00Z,7707,health_connect
2017-05-02T14:00:00Z,1774,health_connect
2017-05-03T14:00:00Z,5596,health_connect
2017-05-04T14:00:00Z,5301,health_connect
2017-05-05T14:00:00Z,1473,health_connect
2017-05-06T14:00:00Z,188,health_connect
2017-05-07T14:00:00Z,5785,health_connect
2017-05-08T14:00:00Z,432,health_connect
2017-05-09T14:00:00Z,7633,health_connect
2017-05-10T14:00:00Z,140,health_connect
2017-05-11T14:00:00Z,5003,health_connect
2017-05-12T14:00:00Z,1009,health_connect
2017-05-13T14:00:00Z,1891,health_connect
2017-05-14T14:00:00Z,1316,health_connect
2017-05-15T14:00:00Z,3444,health_connect
2017-05-16T14:00:00Z,3927,health_connect
2017-05-17T14:00:00Z,5572,health_connect
2017-05-18T14:00:00Z,8826,health_connect
2017-05-19T14:00:00Z,896,health_connect
2017-05-20T14:00:00Z,1946,health_connect
2017-05-21T14:00:00Z,4652,health_connect
2017-05-22T14:00:00Z,7136,health_connect
2017-05-23T14:00:00Z,7683,health_connect
2017-05-24T14:00:00Z,4724,health_connect
2017-05-25T14:00:00Z,8027,health_connect
2017-05-27T14:00:00Z,201,health_connect
2017-05-28T14:00:00Z,4885,health_connect
2017-05-29T14:00:00Z,6081,health_connect
2017-05-30T14:00:00Z,5008,health_connect
2017-05-31T14:00:00Z,9796,health_connect
2017-06-01T14:00:00Z,8398,health_connect
2017-06-02T14:00:00Z,5903,health_connect
2017-06-03T14:00:00Z,2419,health_connect
2017-06-04T14:00:00Z,4164,health_connect
2017-06-05T14:00:00Z,7466,health_connect
2017-06-06T14:00:00Z,1702,health_connect
2017-06-07T14:00:00Z,5659,health_connect
2017-06-08T14:00:00Z,7075,health_connect
2017-06-09T14:00:00Z,3255,health_connect
2017-06-10T14:00:00Z,4568,health_connect
2017-06-11T14:00:00Z,1918,health_connect
2017-06-12T14:00:00Z,10373,health_connect
2017-06-13T14:00:00Z,7800,health_connect
2017-06-14T14:00:00Z,7225,health_connect
2017-06-15T14:00:00Z,9298,health_connect
2017-06-16T14:00:00Z,127,health_connect
2017-06-17T14:00:00Z,165,health_connect
2017-06-18T14:00:00Z,6806,health_connect
2017-06-19T14:00:00Z,2638,health_connect
2017-06-20T14:00:00Z,10728,health_connect
2017-06-21T14:00:00Z,6735,health_connect
2017-06-22T14:00:00Z,8619,health_connect
2017-06-23T14:00:00Z,1920,health_connect
2017-06-24T14:00:00Z,802,health_connect
2017-06-25T14:00:00Z,3077,health_connect
2017-06-26T14:00:00Z,8200,health_connect
2017-06-27T14:00:00Z,3964,health_connect
2017-06-28T14:00:00Z,8160,health_connect
2017-06-29T14:00:00Z,6246,health_connect
2017-06-30T14:00:00Z,481,health_connect
2017-07-01T14:00:00Z,24,health_connect
2017-07-02T14:00:00Z,1372,health_connect
2017-07-03T14:00:00Z,579,health_connect
2017-07-05T14:00:00Z,230,health_connect
2017-07-06T14:00:00Z,3753,health_connect
2017-07-07T14:00:00Z,1642,health_connect
2017-07-08T14:00:00Z,509,health_connect
2017-07-09T14:00:00Z,1253,health_connect
2017-07-10T14:00:00Z,1977,health_connect
2017-07-11T14:00:00Z,6821,health_connect
2017-07-12T14:00:00Z,846,health_connect
2017-07-13T14:00:00Z,1515,health_connect
2017-07-16T14:00:00Z,55,health_connect
2017-07-17T14:00:00Z,6365,health_connect
2017-07-18T14:00:00Z,7459,health_connect
2017-07-19T14:00:00Z,7050,health_connect
2017-07-20T14:00:00Z,5556,health_connect
2017-07-21T14:00:00Z,1265,health_connect
2017-07-22T14:00:00Z,1965,health_connect
2017-07-23T14:00:00Z,7235,health_connect
2017-07-24T14:00:00Z,7362,health_connect
2017-07-25T14:00:00Z,8391,health_connect
2017-07-26T14:00:00Z,1137,health_connect
2017-07-27T14:00:00Z,2899,health_connect
2017-07-28T14:00:00Z,3496,health_connect
2017-07-29T14:00:00Z,1867,health_connect
2017-07-30T14:00:00Z,10083,health_connect
2017-07-31T14:00:00Z,529,health_connect
2017-08-01T14:00:00Z,2295,health_connect
2017-08-02T14:00:00Z,1198,health_connect
2017-08-03T14:00:00Z,2575,health_connect
2017-08-04T14:00:00Z,5128,health_connect
2017-08-05T14:00:00Z,1684,health_connect
2017-08-06T14:00:00Z,9468,health_connect
2017-08-07T14:00:00Z,119,health_connect
2017-08-08T14:00:00Z,5486,health_connect
2017-08-09T14:00:00Z,6872,health_connect
2017-08-10T14:00:00Z,7605,health_connect
2017-08-11T14:00:00Z,7510,health_connect
2017-08-12T14:00:00Z,2309,health_connect
2017-08-13T14:00:00Z,5101,health_connect
2017-08-14T14:00:00Z,7559,health_connect
2017-08-15T14:00:00Z,4097,health_connect
2017-08-16T14:00:00Z,7306,health_connect
2017-08-17T14:00:00Z,4908,health_connect
2017-08-18T14:00:00Z,1777,health_connect
2017-08-19T14:00:00Z,1059,health_connect
2017-08-20T14:00:00Z,5066,health_connect
2017-08-21T14:00:00Z,8994,health_connect
2017-08-22T14:00:00Z,6390,health_connect
2017-08-23T14:00:00Z,8925,health_connect
2017-08-24T14:00:00Z,8495,health_connect
2017-08-26T14:00:00Z,6257,health_connect
2017-08-27T14:00:00Z,7838,health_connect
2017-08-28T14:00:00Z,6794,health_connect
2017-08-29T14:00:00Z,4154,health_connect
2017-08-30T14:00:00Z,7691,health_connect
2017-08-31T14:00:00Z,5581,health_connect
2017-09-01T14:00:00Z,2798,health_connect
2017-09-02T14:00:00Z,56,health_connect
2017-09-03T14:00:00Z,5251,health_connect
2017-09-04T14:00:00Z,7466,health_connect
2017-09-05T14:00:00Z,2687,health_connect
2017-09-06T14:00:00Z,5995,health_connect
2017-09-07T14:00:00Z,924,health_connect
2017-09-08T14:00:00Z,1660,health_connect
2017-09-09T14:00:00Z,122,health_connect
2017-09-10T14:00:00Z,7220,health_connect
2017-09-11T14:00:00Z,7363,health_connect
2017-09-12T14:00:00Z,56,health_connect
2017-09-13T14:00:00Z,6941,health_connect
2017-09-14T14:00:00Z,9569,health_connect
2017-09-15T14:00:00Z,1756,health_connect
2017-09-16T14:00:00Z,2413,health_connect
2017-09-17T14:00:00Z,6660,health_connect
2017-09-18T14:00:00Z,9385,health_connect
2017-09-19T14:00:00Z,9172,health_connect
2017-09-20T14:00:00Z,8789,health_connect
2017-09-21T14:00:00Z,3400,health_connect
2017-09-22T14:00:00Z,6169,health_connect
2017-09-25T14:00:00Z,2354,health_connect
2017-09-26T14:00:00Z,888,health_connect
2017-09-27T14:00:00Z,77,health_connect
2017-09-28T14:00:00Z,3820,health_connect
2017-09-29T14:00:00Z,1870,health_connect
2017-10-01T13:00:00Z,4278,health_connect
2017-10-02T13:00:00Z,4814,health_connect
2017-10-03T13:00:00Z,3728,health_connect
2017-10-04T13:00:00Z,1370,health_connect
2017-10-05T13:00:00Z,5155,health_connect
2017-10-06T13:00:00Z,2063,health_connect
2017-10-07T13:00:00Z,3866,health_connect
2017-10-08T13:00:00Z,2617,health_connect
2017-10-09T13:00:00Z,4819,health_connect
2017-10-10T13:00:00Z,4723,health_connect
2017-10-11T13:00:00Z,4779,health_connect
2017-10-12T13:00:00Z,4160,health_connect
2017-10-13T13:00:00Z,5492,health_connect
2017-10-14T13:00:00Z,5108,health_connect
2017-10-15T13:00:00Z,10202,health_connect
2017-10-16T13:00:00Z,5816,health_connect
2017-10-17T13:00:00Z,4804,health_connect
2017-10-18T13:00:00Z,2737,health_connect
2017-10-27T13:00:00Z,1293,health_connect
2017-10-28T13:00:00Z,1474,health_connect
2017-10-29T13:00:00Z,4459,health_connect
2017-10-30T13:00:00Z,3988,health_connect
2017-10-31T13:00:00Z,4512,health_connect
2017-11-01T13:00:00Z,6675,health_connect
2017-11-03T13:00:00Z,119,health_connect
2017-11-04T13:00:00Z,46,health_connect
2017-11-05T13:00:00Z,47,health_connect
2017-11-06T13:00:00Z,11,health_connect
2017-11-08T13:00:00Z,1201,health_connect
2017-11-12T13:00:00Z,3015,health_connect
2017-11-16T13:00:00Z,2204,health_connect
2017-11-18T13:00:00Z,1080,health_connect
2017-11-24T13:00:00Z,4824,health_connect
2017-11-25T13:00:00Z,11,health_connect
2017-11-26T13:00:00Z,266,health_connect
2017-11-27T13:00:00Z,5293,health_connect
2017-11-28T13:00:00Z,7324,health_connect
2017-11-29T13:00:00Z,7408,health_connect
2017-11-30T13:00:00Z,5940,health_connect
2017-12-04T13:00:00Z,5220,health_connect
2017-12-05T13:00:00Z,17,health_connect
2017-12-06T13:00:00Z,6297,health_connect
2017-12-07T13:00:00Z,7194,health_connect
2017-12-08T13:00:00Z,3430,health_connect
2017-12-09T13:00:00Z,5189,health_connect
2017-12-10T13:00:00Z,6996,health_connect
2017-12-11T13:00:00Z,6830,health_connect
2017-12-12T13:00:00Z,6358,health_connect
2017-12-13T13:00:00Z,552,health_connect
2017-12-14T13:00:00Z,1403,health_connect
2017-12-16T13:00:00Z,1144,health_connect
2017-12-18T13:00:00Z,3187,health_connect
2017-12-19T13:00:00Z,1403,health_connect
2017-12-21T13:00:00Z,9418,health_connect
2017-12-22T13:00:00Z,5533,health_connect
2017-12-23T13:00:00Z,6050,health_connect
2017-12-24T13:00:00Z,7784,health_connect
2017-12-25T13:00:00Z,3571,health_connect
2017-12-26T13:00:00Z,4117,health_connect
2017-12-27T13:00:00Z,2066,health_connect
2017-12-28T13:00:00Z,5292,health_connect
2017-12-29T13:00:00Z,1759,health_connect
2017-12-30T13:00:00Z,658,health_connect
2018-01-03T13:00:00Z,350,health_connect
2018-01-05T13:00:00Z,7,health_connect
2018-01-06T13:00:00Z,1191,health_connect
2018-01-07T13:00:00Z,46,health_connect
2018-01-26T13:00:00Z,2416,health_connect
2018-02-04T13:00:00Z,14639,health_connect
2018-02-13T13:00:00Z,21506,health_connect
2018-02-17T13:00:00Z,457,health_connect
2018-02-18T13:00:00Z,1501,health_connect
2018-02-20T13:00:00Z,17917,health_connect
2018-03-08T13:00:00Z,12649,health_connect
2018-03-13T13:00:00Z,10323,health_connect
2018-03-15T13:00:00Z,7934,health_connect
2018-03-19T13:00:00Z,6295,health_connect
2018-03-23T13:00:00Z,3066,health_connect
2018-03-27T13:00:00Z,5402,health_connect
2018-04-08T14:00:00Z,7818,health_connect
2018-04-12T14:00:00Z,15526,health_connect
2018-05-05T14:00:00Z,4203,health_connect
2018-05-12T14:00:00Z,7020,health_connect
2018-05-13T14:00:00Z,9910,health_connect
2018-05-14T14:00:00Z,9268,health_connect
2018-05-15T14:00:00Z,10307,health_connect
2018-05-16T14:00:00Z,6547,health_connect
2018-05-17T14:00:00Z,4257,health_connect
2018-05-18T14:00:00Z,1434,health_connect
2018-05-19T14:00:00Z,1683,health_connect
2018-05-20T14:00:00Z,6660,health_connect
2018-05-21T14:00:00Z,6968,health_connect
2018-05-22T14:00:00Z,5739,health_connect
2018-05-23T14:00:00Z,3111,health_connect
2018-05-24T14:00:00Z,11298,health_connect
2018-05-25T14:00:00Z,2213,health_connect
2018-05-26T14:00:00Z,10048,health_connect
2018-05-27T14:00:00Z,4355,health_connect
2018-05-28T14:00:00Z,8606,health_connect
2018-05-29T14:00:00Z,9729,health_connect
2018-05-30T14:00:00Z,6902,health_connect
2018-05-31T14:00:00Z,16183,health_connect
2018-06-01T14:00:00Z,8842,health_connect
2018-06-02T14:00:00Z,2469,health_connect
2018-06-03T14:00:00Z,8333,health_connect
2018-06-04T14:00:00Z,13652,health_connect
2018-06-05T14:00:00Z,12864,health_connect
2018-06-06T14:00:00Z,1654,health_connect
2018-06-07T14:00:00Z,4509,health_connect
2018-06-08T14:00:00Z,9110,health_connect
2018-06-09T14:00:00Z,4318,health_connect
2018-06-10T14:00:00Z,2272,health_connect
2018-06-11T14:00:00Z,2392,health_connect
2018-06-12T14:00:00Z,11237,health_connect
2018-06-13T14:00:00Z,5516,health_connect
2018-06-14T14:00:00Z,12,health_connect
2018-06-23T14:00:00Z,2276,health_connect
2018-06-30T14:00:00Z,1733,health_connect
2018-07-05T14:00:00Z,5351,health_connect
2018-07-09T14:00:00Z,3938,health_connect
2018-07-10T14:00:00Z,6920,health_connect
2018-07-17T14:00:00Z,3389,health_connect
2018-07-20T14:00:00Z,5918,health_connect
2018-07-21T14:00:00Z,7614,health_connect
2018-07-22T14:00:00Z,15396,health_connect
2018-07-23T14:00:00Z,10345,health_connect
2018-07-24T14:00:00Z,8295,health_connect
2018-07-25T14:00:00Z,5419,health_connect
2018-07-26T14:00:00Z,6727,health_connect
2018-07-27T14:00:00Z,3306,health_connect
2018-07-28T14:00:00Z,3082,health_connect
2018-07-29T14:00:00Z,10010,health_connect
2018-07-30T14:00:00Z,7774,health_connect
2018-07-31T14:00:00Z,7242,health_connect
2018-08-01T14:00:00Z,7586,health_connect
2018-08-02T14:00:00Z,7276,health_connect
2018-08-03T14:00:00Z,2870,health_connect
2018-08-04T14:00:00Z,300,health_connect
2018-08-05T14:00:00Z,9747,health_connect
2018-08-06T14:00:00Z,12761,health_connect
2018-08-07T14:00:00Z,11203,health_connect
2018-08-08T14:00:00Z,6896,health_connect
2018-08-09T14:00:00Z,19222,health_connect
2018-08-10T14:00:00Z,8964,health_connect
2018-08-11T14:00:00Z,2965,health_connect
2018-08-12T14:00:00Z,12275,health_connect
2018-08-13T14:00:00Z,6084,health_connect
2018-08-14T14:00:00Z,1992,health_connect
2018-08-15T14:00:00Z,1414,health_connect
2018-08-16T14:00:00Z,9582,health_connect
2018-08-17T14:00:00Z,3528,health_connect
2018-08-18T14:00:00Z,6183,health_connect
2018-08-19T14:00:00Z,8771,health_connect
2018-08-20T14:00:00Z,4789,health_connect
2018-08-21T14:00:00Z,4981,health_connect
2018-08-22T14:00:00Z,175,health_connect
2018-08-29T14:00:00Z,5683,health_connect
2018-08-31T14:00:00Z,938,health_connect
2018-09-02T14:00:00Z,935,health_connect
2018-09-09T14:00:00Z,1088,health_connect
2018-09-12T14:00:00Z,2468,health_connect
2018-09-13T14:00:00Z,1917,health_connect
2018-09-14T14:00:00Z,4548,health_connect
2018-09-22T14:00:00Z,2685,health_connect
2018-09-24T14:00:00Z,10,health_connect
2018-09-25T14:00:00Z,15366,health_connect
2018-09-26T14:00:00Z,5377,health_connect
2018-09-27T14:00:00Z,11191,health_connect
2018-09-28T14:00:00Z,9178,health_connect
2018-09-29T14:00:00Z,6872,health_connect
2018-10-01T14:00:00Z,6073,health_connect
2018-10-02T14:00:00Z,3253,health_connect
2018-10-03T14:00:00Z,9020,health_connect
2018-10-04T14:00:00Z,16587,health_connect
2018-10-05T14:00:00Z,5565,health_connect
2018-10-06T14:00:00Z,1591,health_connect
2018-10-07T13:00:00Z,15166,health_connect
2018-10-08T13:00:00Z,15351,health_connect
2018-10-09T13:00:00Z,14690,health_connect
2018-10-10T13:00:00Z,2811,health_connect
2018-10-11T13:00:00Z,5909,health_connect
2018-10-13T13:00:00Z,7041,health_connect
2018-10-14T13:00:00Z,6893,health_connect
2018-10-15T13:00:00Z,3649,health_connect
2018-10-16T13:00:00Z,7828,health_connect
2018-10-17T13:00:00Z,11408,health_connect
2018-10-18T13:00:00Z,9745,health_connect
2018-10-19T13:00:00Z,1862,health_connect
2018-10-20T13:00:00Z,5588,health_connect
2018-10-21T13:00:00Z,13567,health_connect
2018-10-22T13:00:00Z,485,health_connect
2018-10-24T13:00:00Z,10513,health_connect
2018-10-25T13:00:00Z,10021,health_connect
2018-10-26T13:00:00Z,6538,health_connect
2018-10-27T13:00:00Z,13639,health_connect
2018-10-28T13:00:00Z,336,health_connect
2018-10-29T13:00:00Z,6405,health_connect
2018-10-30T13:00:00Z,8539,health_connect
2018-10-31T13:00:00Z,8631,health_connect
2018-11-01T13:00:00Z,10912,health_connect
2018-11-02T13:00:00Z,582,health_connect
2018-11-03T13:00:00Z,2591,health_connect
2018-11-04T13:00:00Z,9210,health_connect
2018-11-05T13:00:00Z,1665,health_connect
2018-11-06T13:00:00Z,1140,health_connect
2018-11-07T13:00:00Z,7894,health_connect
2018-11-08T13:00:00Z,8590,health_connect
2018-11-09T13:00:00Z,9378,health_connect
2018-11-11T13:00:00Z,9719,health_connect
2018-11-12T13:00:00Z,14090,health_connect
2018-11-13T13:00:00Z,7422,health_connect
2018-11-14T13:00:00Z,1674,health_connect
2018-11-15T13:00:00Z,6022,health_connect
2018-11-16T13:00:00Z,1723,health_connect
2018-11-17T13:00:00Z,1056,health_connect
2018-11-18T13:00:00Z,5154,health_connect
2018-11-19T13:00:00Z,2520,health_connect
2018-11-20T13:00:00Z,11678,health_connect
2018-11-21T13:00:00Z,7377,health_connect
2018-11-22T13:00:00Z,164,health_connect
2018-11-24T13:00:00Z,3536,health_connect
2018-11-25T13:00:00Z,6,health_connect
2018-11-26T13:00:00Z,2016,health_connect
2018-11-30T13:00:00Z,777,health_connect
2018-12-04T13:00:00Z,1567,health_connect
2019-01-08T13:00:00Z,2558,health_connect
2019-01-09T13:00:00Z,6171,health_connect
2019-01-28T13:00:00Z,4433,health_connect
2019-02-20T13:00:00Z,3511,health_connect
2019-02-21T13:00:00Z,5423,health_connect
2019-02-22T13:00:00Z,2303,health_connect
2019-02-23T13:00:00Z,5741,health_connect
2019-02-24T13:00:00Z,10043,health_connect
2019-02-25T13:00:00Z,14165,health_connect
2019-02-26T13:00:00Z,651,health_connect
2019-02-27T13:00:00Z,518,health_connect
2019-02-28T13:00:00Z,9258,health_connect
2019-03-01T13:00:00Z,4980,health_connect
2019-03-02T13:00:00Z,3011,health_connect
2019-03-03T13:00:00Z,6480,health_connect
2019-03-04T13:00:00Z,689,health_connect
2019-03-12T13:00:00Z,2512,health_connect
2019-03-14T13:00:00Z,4114,health_connect
2019-03-15T13:00:00Z,8778,health_connect
2019-03-16T13:00:00Z,5795,health_connect
2019-03-17T13:00:00Z,10157,health_connect
2019-03-18T13:00:00Z,6383,health_connect
2019-03-19T13:00:00Z,10070,health_connect
2019-03-20T13:00:00Z,9079,health_connect
2019-03-21T13:00:00Z,6731,health_connect
2019-03-27T13:00:00Z,7220,health_connect
2019-03-28T13:00:00Z,11136,health_connect
2019-03-29T13:00:00Z,1762,health_connect
2019-03-30T13:00:00Z,4017,health_connect
2019-03-31T13:00:00Z,6412,health_connect
2019-04-01T13:00:00Z,9061,health_connect
2019-04-02T13:00:00Z,969,health_connect
2019-06-03T14:00:00Z,3609,health_connect
2019-06-13T14:00:00Z,4368,health_connect
2019-06-14T14:00:00Z,2122,health_connect
2019-06-18T14:00:00Z,2541,health_connect
2019-07-13T14:00:00Z,100,health_connect
2019-07-16T14:00:00Z,2467,health_connect
2019-07-19T14:00:00Z,8387,health_connect
2019-07-29T14:00:00Z,8901,health_connect
2019-08-03T14:00:00Z,34,health_connect
2019-08-06T14:00:00Z,3353,health_connect
2019-08-09T14:00:00Z,5791,health_connect
2019-08-10T14:00:00Z,9659,health_connect
2019-08-11T14:00:00Z,22792,health_connect
2019-08-12T14:00:00Z,4179,health_connect
2019-08-13T14:00:00Z,13551,health_connect
2019-08-14T14:00:00Z,14953,health_connect
2019-08-15T14:00:00Z,21479,health_connect
2019-08-16T14:00:00Z,17898,health_connect
2019-08-17T14:00:00Z,2985,health_connect
2019-08-18T14:00:00Z,6407,health_connect
2019-08-19T14:00:00Z,16230,health_connect
2019-08-20T14:00:00Z,10556,health_connect
2019-08-21T14:00:00Z,2582,health_connect
2019-08-22T14:00:00Z,13666,health_connect
2019-08-23T14:00:00Z,7173,health_connect
2019-08-24T14:00:00Z,4488,health_connect
2019-08-25T14:00:00Z,20396,health_connect
2019-08-26T14:00:00Z,18804,health_connect
2019-08-27T14:00:00Z,9006,health_connect
2019-08-28T14:00:00Z,530,health_connect
2019-08-30T14:00:00Z,8436,health_connect
2019-08-31T14:00:00Z,6573,health_connect
2019-09-01T14:00:00Z,7211,health_connect
2019-09-02T14:00:00Z,3220,health_connect
2019-09-03T14:00:00Z,8831,health_connect
2019-09-04T14:00:00Z,10237,health_connect
2019-09-05T14:00:00Z,4561,health_connect
2019-09-06T14:00:00Z,324,health_connect
2019-09-08T14:00:00Z,10687,health_connect
2019-09-09T14:00:00Z,11389,health_connect
2019-09-10T14:00:00Z,13013,health_connect
2019-09-11T14:00:00Z,10092,health_connect
2019-09-12T14:00:00Z,20114,health_connect
2019-09-13T14:00:00Z,7590,health_connect
2019-09-14T14:00:00Z,1160,health_connect
2019-09-15T14:00:00Z,16174,health_connect
2019-09-16T14:00:00Z,19046,health_connect
2019-09-17T14:00:00Z,13561,health_connect
2019-09-18T14:00:00Z,23597,health_connect
2019-09-19T14:00:00Z,17961,health_connect
2019-09-20T14:00:00Z,972,health_connect
2019-09-21T14:00:00Z,206,health_connect
2019-09-22T14:00:00Z,9509,health_connect
2019-09-23T14:00:00Z,3880,health_connect
2019-09-24T14:00:00Z,17733,health_connect
2019-09-25T14:00:00Z,9842,health_connect
2019-09-26T14:00:00Z,22942,health_connect
2019-09-27T14:00:00Z,8593,health_connect
2019-09-28T14:00:00Z,458,health_connect
2019-09-29T14:00:00Z,5317,health_connect
2019-09-30T14:00:00Z,6348,health_connect
2019-10-01T14:00:00Z,4316,health_connect
2019-10-02T14:00:00Z,23413,health_connect
2019-10-03T14:00:00Z,21205,health_connect
2019-10-04T14:00:00Z,12315,health_connect
2019-10-05T14:00:00Z,9531,health_connect
2019-10-06T13:00:00Z,1368,health_connect
2019-10-07T13:00:00Z,16846,health_connect
2019-10-08T13:00:00Z,1991,health_connect
2019-10-09T13:00:00Z,7725,health_connect
2019-10-10T13:00:00Z,17946,health_connect
2019-10-11T13:00:00Z,7982,health_connect
2019-10-12T13:00:00Z,6760,health_connect
2019-10-13T13:00:00Z,9705,health_connect
2019-10-14T13:00:00Z,7578,health_connect
2019-10-15T13:00:00Z,13926,health_connect
2019-10-16T13:00:00Z,13751,health_connect
2019-10-17T13:00:00Z,10399,health_connect
2019-10-18T13:00:00Z,2095,health_connect
2019-10-19T13:00:00Z,9254,health_connect
2019-10-20T13:00:00Z,10471,health_connect
2019-10-21T13:00:00Z,9707,health_connect
2019-10-22T13:00:00Z,1764,health_connect
2019-10-23T13:00:00Z,14186,health_connect
2019-10-24T13:00:00Z,1263,health_connect
2019-10-25T13:00:00Z,5012,health_connect
2019-10-26T13:00:00Z,4816,health_connect
2019-10-27T13:00:00Z,2479,health_connect
2019-10-28T13:00:00Z,9075,health_connect
2019-10-29T13:00:00Z,15873,health_connect
2019-10-30T13:00:00Z,9344,health_connect
2019-10-31T13:00:00Z,21856,health_connect
2019-11-01T13:00:00Z,8816,health_connect
2019-11-02T13:00:00Z,5850,health_connect
2019-11-03T13:00:00Z,10663,health_connect
2019-11-06T13:00:00Z,12524,health_connect
2019-11-07T13:00:00Z,6021,health_connect
2019-11-08T13:00:00Z,11615,health_connect
2019-11-09T13:00:00Z,5170,health_connect
2019-11-10T13:00:00Z,17453,health_connect
2019-11-11T13:00:00Z,723,health_connect
2019-11-12T13:00:00Z,6112,health_connect
2019-11-13T13:00:00Z,10883,health_connect
2019-11-14T13:00:00Z,11721,health_connect
2019-11-15T13:00:00Z,1039,health_connect
2019-11-16T13:00:00Z,9119,health_connect
2019-11-17T13:00:00Z,7877,health_connect
2019-11-18T13:00:00Z,1584,health_connect
2019-11-19T13:00:00Z,7685,health_connect
2019-11-20T13:00:00Z,14614,health_connect
2019-11-21T13:00:00Z,434,health_connect
2019-11-24T13:00:00Z,2397,health_connect
2019-12-04T13:00:00Z,12863,health_connect
2019-12-05T13:00:00Z,1173,health_connect
2019-12-06T13:00:00Z,17057,health_connect
2019-12-07T13:00:00Z,18690,health_connect
2019-12-08T13:00:00Z,12556,health_connect
2019-12-09T13:00:00Z,9597,health_connect
2019-12-10T13:00:00Z,13100,health_connect
2019-12-11T13:00:00Z,3140,health_connect
2019-12-14T13:00:00Z,4773,health_connect
2019-12-15T13:00:00Z,5119,health_connect
2019-12-16T13:00:00Z,3220,health_connect
2019-12-17T13:00:00Z,2901,health_connect
2019-12-18T13:00:00Z,13172,health_connect
2019-12-19T13:00:00Z,3962,health_connect
2019-12-20T13:00:00Z,1899,health_connect
2019-12-21T13:00:00Z,1001,health_connect
2020-01-08T13:00:00Z,784,health_connect
2020-02-05T13:00:00Z,5970,health_connect
2020-02-10T13:00:00Z,1775,health_connect
2020-02-11T13:00:00Z,5381,health_connect
2020-02-12T13:00:00Z,6448,health_connect
2020-02-13T13:00:00Z,6719,health_connect
2020-02-14T13:00:00Z,8652,health_connect
2020-02-15T13:00:00Z,8824,health_connect
2020-02-16T13:00:00Z,17250,health_connect
2020-02-17T13:00:00Z,346,health_connect
2020-02-18T13:00:00Z,14953,health_connect
2020-02-19T13:00:00Z,11436,health_connect
2020-02-20T13:00:00Z,11784,health_connect
2020-02-21T13:00:00Z,5652,health_connect
2020-02-22T13:00:00Z,6011,health_connect
2020-02-23T13:00:00Z,4453,health_connect
2020-02-24T13:00:00Z,8830,health_connect
2020-02-25T13:00:00Z,696,health_connect
2020-02-26T13:00:00Z,1469,health_connect
2020-02-27T13:00:00Z,11186,health_connect
2020-02-28T13:00:00Z,13950,health_connect
2020-02-29T13:00:00Z,3744,health_connect
2020-03-01T13:00:00Z,10496,health_connect
2020-03-02T13:00:00Z,2757,health_connect
2020-03-04T13:00:00Z,11551,health_connect
2020-03-05T13:00:00Z,8911,health_connect
2020-03-06T13:00:00Z,4974,health_connect
2020-03-07T13:00:00Z,1588,health_connect
2020-03-08T13:00:00Z,2366,health_connect
2020-03-09T13:00:00Z,8928,health_connect
2020-03-10T13:00:00Z,2365,health_connect
2020-03-11T13:00:00Z,9354,health_connect
2020-03-12T13:00:00Z,2323,health_connect
2020-03-22T13:00:00Z,2925,health_connect
2020-04-03T13:00:00Z,439,health_connect
2020-04-06T14:00:00Z,1751,health_connect
2020-04-08T14:00:00Z,9096,health_connect
2020-04-09T14:00:00Z,8783,health_connect
2020-04-10T14:00:00Z,9731,health_connect
2020-04-11T14:00:00Z,10393,health_connect
2020-04-12T14:00:00Z,5537,health_connect
2020-04-13T14:00:00Z,3986,health_connect
2020-04-14T14:00:00Z,109,health_connect
2020-04-16T14:00:00Z,148,health_connect
2020-04-18T14:00:00Z,14832,health_connect
2020-04-19T14:00:00Z,3941,health_connect
2020-04-20T14:00:00Z,5357,health_connect
2020-04-21T14:00:00Z,8050,health_connect
2020-04-22T14:00:00Z,6646,health_connect
2020-04-23T14:00:00Z,2305,health_connect
2020-04-24T14:00:00Z,3686,health_connect
2020-04-25T14:00:00Z,1423,health_connect
2020-04-26T14:00:00Z,4377,health_connect
2020-04-27T14:00:00Z,4008,health_connect
2020-04-28T14:00:00Z,2919,health_connect
2020-04-29T14:00:00Z,835,health_connect
2020-04-30T14:00:00Z,82,health_connect
2020-05-01T14:00:00Z,306,health_connect
2020-05-03T14:00:00Z,3090,health_connect
2020-05-05T14:00:00Z,247,health_connect
2020-05-07T14:00:00Z,32,health_connect
2020-05-11T14:00:00Z,349,health_connect
2020-05-16T14:00:00Z,1082,health_connect
2020-05-22T14:00:00Z,341,health_connect
2020-05-26T14:00:00Z,2875,health_connect
2020-05-27T14:00:00Z,1635,health_connect
2020-05-28T14:00:00Z,2352,health_connect
2020-05-29T14:00:00Z,4144,health_connect
2020-05-30T14:00:00Z,1682,health_connect
2020-05-31T14:00:00Z,5961,health_connect
2020-06-01T14:00:00Z,612,health_connect
2020-06-03T14:00:00Z,982,health_connect
2020-06-04T14:00:00Z,6513,health_connect
2020-06-05T14:00:00Z,6939,health_connect
2020-06-06T14:00:00Z,11012,health_connect
2020-06-07T14:00:00Z,3949,health_connect
2020-06-08T14:00:00Z,395,health_connect
2020-06-20T14:00:00Z,320,health_connect
2020-06-22T14:00:00Z,8824,health_connect
2020-06-23T14:00:00Z,6034,health_connect
2020-06-24T14:00:00Z,6909,health_connect
2020-06-25T14:00:00Z,6065,health_connect
2020-06-26T14:00:00Z,4191,health_connect
2020-06-27T14:00:00Z,3078,health_connect
2020-06-28T14:00:00Z,5212,health_connect
2020-07-08T14:00:00Z,2545,health_connect
2020-07-15T14:00:00Z,11630,health_connect
2020-07-16T14:00:00Z,7450,health_connect
2020-07-17T14:00:00Z,7594,health_connect
2020-07-18T14:00:00Z,12882,health_connect
2020-07-19T14:00:00Z,13869,health_connect
2020-07-26T14:00:00Z,11644,health_connect
2020-07-31T14:00:00Z,8660,health_connect
2020-08-04T14:00:00Z,8053,health_connect
2020-08-09T14:00:00Z,4867,health_connect
2020-08-12T14:00:00Z,15517,health_connect
2020-08-31T14:00:00Z,12536,health_connect
2020-09-06T14:00:00Z,6745,health_connect
2020-09-10T14:00:00Z,3413,health_connect
2020-09-11T14:00:00Z,989,health_connect
2020-09-12T14:00:00Z,4213,health_connect
2020-09-16T14:00:00Z,3841,health_connect
2020-09-17T14:00:00Z,5109,health_connect
2020-09-23T14:00:00Z,5715,health_connect
2020-09-25T14:00:00Z,10971,health_connect
2020-10-02T14:00:00Z,1995,health_connect
2020-10-19T13:00:00Z,11690,health_connect
2020-10-26T13:00:00Z,3961,health_connect
2020-10-29T13:00:00Z,8123,health_connect
2021-02-14T13:00:00Z,239,health_connect
2021-02-15T13:00:00Z,11653,health_connect
2021-02-16T13:00:00Z,11884,health_connect
2021-02-17T13:00:00Z,11197,health_connect
2021-02-18T13:00:00Z,7259,health_connect
2021-02-19T13:00:00Z,12278,health_connect
2021-02-20T13:00:00Z,11793,health_connect
2021-02-21T13:00:00Z,13093,health_connect
2021-02-22T13:00:00Z,156,health_connect
2021-02-23T13:00:00Z,12071,health_connect
2021-02-24T13:00:00Z,15785,health_connect
2021-02-25T13:00:00Z,10196,health_connect
2021-02-26T13:00:00Z,13013,health_connect
2021-02-27T13:00:00Z,9757,health_connect
2021-02-28T13:00:00Z,6965,health_connect
2021-03-01T13:00:00Z,13729,health_connect
2021-03-02T13:00:00Z,14863,health_connect
2021-03-03T13:00:00Z,7495,health_connect
2021-03-04T13:00:00Z,14446,health_connect
2021-03-05T13:00:00Z,12343,health_connect
2021-03-06T13:00:00Z,15574,health_connect
2021-03-07T13:00:00Z,11569,health_connect
2021-03-08T13:00:00Z,9043,health_connect
2021-03-09T13:00:00Z,9259,health_connect
2021-03-10T13:00:00Z,4360,health_connect
2021-03-11T13:00:00Z,18832,health_connect
2021-03-12T13:00:00Z,3923,health_connect
2021-03-13T13:00:00Z,9402,health_connect
2021-03-14T13:00:00Z,4635,health_connect
2021-03-15T13:00:00Z,6524,health_connect
2021-03-16T13:00:00Z,733,health_connect
2021-03-17T13:00:00Z,3636,health_connect
2021-03-18T13:00:00Z,9043,health_connect
2021-03-19T13:00:00Z,8634,health_connect
2021-03-20T13:00:00Z,790,health_connect
2021-03-21T13:00:00Z,12919,health_connect
2021-03-22T13:00:00Z,7959,health_connect
2021-03-23T13:00:00Z,13964,health_connect
2021-03-24T13:00:00Z,11336,health_connect
2021-03-28T13:00:00Z,4478,health_connect
2021-03-31T13:00:00Z,16,health_connect
2021-04-01T13:00:00Z,4309,health_connect
2021-04-02T13:00:00Z,6697,health_connect
2021-04-03T13:00:00Z,293,health_connect
2021-04-05T14:00:00Z,2250,health_connect
2021-04-19T14:00:00Z,3467,health_connect
2021-05-08T14:00:00Z,566,health_connect
2021-05-09T14:00:00Z,5166,health_connect
2021-05-21T14:00:00Z,139,health_connect
2021-05-23T14:00:00Z,3172,health_connect
2021-05-28T14:00:00Z,3146,health_connect
2021-06-08T14:00:00Z,3869,health_connect
2021-06-10T14:00:00Z,4698,health_connect
2021-07-04T14:00:00Z,5343,health_connect
2021-07-12T14:00:00Z,6778,health_connect
2021-07-13T14:00:00Z,3305,health_connect
2021-07-18T14:00:00Z,6320,health_connect
2021-07-19T14:00:00Z,13978,health_connect
2021-08-11T14:00:00Z,2955,health_connect
2021-08-15T14:00:00Z,1914,health_connect
2021-08-23T14:00:00Z,7547,health_connect
2021-09-01T14:00:00Z,9215,health_connect
2021-09-02T14:00:00Z,7947,health_connect
2021-12-30T13:00:00Z,8563,health_connect
2022-01-01T13:00:00Z,4551,health_connect
2022-01-03T13:00:00Z,674,health_connect
2022-01-09T13:00:00Z,2725,health_connect
2022-01-12T13:00:00Z,753,health_connect
2022-01-20T13:00:00Z,316,health_connect
2022-01-21T13:00:00Z,13,health_connect
2022-01-24T13:00:00Z,101,health_connect
2022-01-25T13:00:00Z,18,health_connect
2022-01-28T13:00:00Z,3438,health_connect
2022-02-05T13:00:00Z,3661,health_connect
2022-02-19T13:00:00Z,3074,health_connect
2022-03-02T13:00:00Z,1296,health_connect
2022-03-05T13:00:00Z,570,health_connect
2022-03-08T13:00:00Z,5973,health_connect
2022-03-10T13:00:00Z,7396,health_connect
2022-03-12T13:00:00Z,644,health_connect
2022-03-23T13:00:00Z,3595,health_connect
2022-03-24T13:00:00Z,1118,health_connect
2022-03-29T13:00:00Z,7127,health_connect
2022-04-08T14:00:00Z,3576,health_connect
2022-04-12T14:00:00Z,156,health_connect
2022-05-01T14:00:00Z,1164,health_connect
2022-05-02T14:00:00Z,2448,health_connect
2022-05-16T14:00:00Z,3153,health_connect
2022-05-19T14:00:00Z,4450,health_connect
2022-05-21T14:00:00Z,7693,health_connect
2022-05-22T14:00:00Z,6105,health_connect
2022-05-24T14:00:00Z,3545,health_connect
2022-05-27T14:00:00Z,1489,health_connect
2022-05-28T14:00:00Z,766,health_connect
2022-06-02T14:00:00Z,4417,health_connect
2022-06-07T14:00:00Z,3715,health_connect
2022-06-22T14:00:00Z,826,health_connect
2022-06-26T14:00:00Z,298,health_connect
2022-06-30T14:00:00Z,2806,health_connect
2022-07-03T14:00:00Z,418,health_connect
2022-07-15T14:00:00Z,754,health_connect
2022-07-27T14:00:00Z,2025,health_connect
2022-07-31T14:00:00Z,2697,health_connect
2022-08-01T14:00:00Z,2544,health_connect
2022-08-24T14:00:00Z,1843,health_connect
2022-08-25T14:00:00Z,6859,health_connect
2022-09-04T14:00:00Z,5195,health_connect
2022-09-08T14:00:00Z,1807,health_connect
2022-09-10T14:00:00Z,926,health_connect
2022-09-14T14:00:00Z,3384,health_connect
2022-09-15T14:00:00Z,4448,health_connect
2022-09-27T14:00:00Z,4525,health_connect
2022-09-28T14:00:00Z,1027,health_connect
2022-10-06T13:00:00Z,6460,health_connect
2022-10-10T13:00:00Z,2592,health_connect
2022-10-12T13:00:00Z,6262,health_connect
2022-10-20T13:00:00Z,2829,health_connect
2022-10-26T13:00:00Z,3163,health_connect
2022-10-30T13:00:00Z,1218,health_connect
2022-11-01T13:00:00Z,1726,health_connect
2022-11-11T13:00:00Z,1174,health_connect
2022-11-14T13:00:00Z,823,health_connect
2022-12-03T13:00:00Z,300,health_connect
2022-12-05T13:00:00Z,3909,health_connect
2022-12-07T13:00:00Z,2125,health_connect
2022-12-12T13:00:00Z,1836,health_connect
2022-12-14T13:00:00Z,38,health_connect
2022-12-15T13:00:00Z,8755,health_connect
2022-12-20T13:00:00Z,3242,health_connect
2022-12-21T13:00:00Z,3712,health_connect
2022-12-27T13:00:00Z,23,health_connect
2022-12-28T13:00:00Z,1119,health_connect
2022-12-31T13:00:00Z,173,health_connect
2023-01-08T13:00:00Z,6908,health_connect
2023-01-15T13:00:00Z,3877,health_connect
2023-01-24T13:00:00Z,4875,health_connect
2023-01-27T13:00:00Z,1207,health_connect
2023-02-01T13:00:00Z,2998,health_connect
2023-02-10T13:00:00Z,2046,health_connect
2023-02-11T13:00:00Z,2023,health_connect
2023-02-12T13:00:00Z,900,health_connect
2023-02-13T13:00:00Z,4385,health_connect
2023-02-19T13:00:00Z,4488,health_connect
2023-02-21T13:00:00Z,5396,health_connect
2023-02-24T13:00:00Z,288,health_connect
2023-02-27T13:00:00Z,1427,health_connect
2023-03-18T13:00:00Z,6372,health_connect
2023-04-05T14:00:00Z,1268,health_connect
2023-04-14T14:00:00Z,744,health_connect
2023-04-19T14:00:00Z,3514,health_connect
2023-04-26T14:00:00Z,4514,health_connect
2023-05-01T14:00:00Z,3648,health_connect
2023-05-27T14:00:00Z,2399,health_connect
2023-05-29T14:00:00Z,1424,health_connect
2023-06-06T14:00:00Z,1206,health_connect
2023-06-09T14:00:00Z,1020,health_connect
2023-06-11T14:00:00Z,5573,health_connect
2023-06-19T14:00:00Z,3315,health_connect
2023-06-26T14:00:00Z,197,health_connect
2023-06-28T14:00:00Z,1570,health_connect
2023-07-10T14:00:00Z,5837,health_connect
2023-07-11T14:00:00Z,3051,health_connect
2023-07-17T14:00:00Z,3641,health_connect
2023-07-24T14:00:00Z,2922,health_connect
2023-08-07T14:00:00Z,1340,health_connect
2023-08-08T14:00:00Z,6621,health_connect
2023-08-09T14:00:00Z,5517,health_connect
2023-08-10T14:00:00Z,1322,health_connect
2023-08-11T14:00:00Z,69,health_connect
2023-08-12T14:00:00Z,6664,health_connect
2023-08-13T14:00:00Z,6486,health_connect
2023-08-14T14:00:00Z,4584,health_connect
2023-08-15T14:00:00Z,6732,health_connect
2023-08-16T14:00:00Z,1488,health_connect
2023-08-17T14:00:00Z,4534,health_connect
2023-08-18T14:00:00Z,1592,health_connect
2023-08-19T14:00:00Z,4833,health_connect
2023-08-20T14:00:00Z,2639,health_connect
2023-08-21T14:00:00Z,2983,health_connect
2023-08-22T14:00:00Z,8283,health_connect
2023-08-23T14:00:00Z,4839,health_connect
2023-08-24T14:00:00Z,5816,health_connect
2023-08-25T14:00:00Z,4644,health_connect
2023-08-26T14:00:00Z,4530,health_connect
2023-08-27T14:00:00Z,6131,health_connect
2023-08-28T14:00:00Z,4090,health_connect
2023-08-29T14:00:00Z,4770,health_connect
2023-08-30T14:00:00Z,3007,health_connect
2023-08-31T14:00:00Z,5105,health_connect
2023-09-01T14:00:00Z,4892,health_connect
2023-09-02T14:00:00Z,2671,health_connect
2023-09-03T14:00:00Z,4781,health_connect
2023-09-04T14:00:00Z,3774,health_connect
2023-09-05T14:00:00Z,1430,health_connect
2023-09-07T14:00:00Z,1036,health_connect
2023-09-08T14:00:00Z,63,health_connect
2023-09-17T14:00:00Z,159,health_connect
2023-09-26T14:00:00Z,1115,health_connect
2023-10-07T13:00:00Z,1407,health_connect
2023-10-09T13:00:00Z,2181,health_connect
2023-10-16T13:00:00Z,3031,health_connect
2023-10-17T13:00:00Z,13409,health_connect
2023-10-18T13:00:00Z,2291,health_connect
2023-10-19T13:00:00Z,5530,health_connect
2023-10-20T13:00:00Z,1208,health_connect
2023-10-21T13:00:00Z,3074,health_connect
2023-10-22T13:00:00Z,11045,health_connect
2023-10-23T13:00:00Z,3941,health_connect
2023-10-24T13:00:00Z,1419,health_connect
2023-10-28T13:00:00Z,3417,health_connect
2023-10-29T13:00:00Z,3839,health_connect
2023-10-30T13:00:00Z,6317,health_connect
2023-10-31T13:00:00Z,4616,health_connect
2023-11-01T13:00:00Z,4496,health_connect
2023-11-02T13:00:00Z,4979,health_connect
2023-11-03T13:00:00Z,2101,health_connect
2023-11-04T13:00:00Z,2963,health_connect
2023-11-05T13:00:00Z,4838,health_connect
2023-11-06T13:00:00Z,6743,health_connect
2023-11-07T13:00:00Z,8600,health_connect
2023-11-11T13:00:00Z,2316,health_connect
2023-11-12T13:00:00Z,2449,health_connect
2023-11-13T13:00:00Z,8845,health_connect
2023-11-14T13:00:00Z,7789,health_connect
2023-11-15T13:00:00Z,5383,health_connect
2023-11-16T13:00:00Z,4508,health_connect
2023-11-17T13:00:00Z,3810,health_connect
2023-11-18T13:00:00Z,3759,health_connect
2023-11-19T13:00:00Z,2561,health_connect
2023-11-20T13:00:00Z,8470,health_connect
2023-11-21T13:00:00Z,4024,health_connect
2023-11-22T13:00:00Z,7905,health_connect
2023-11-23T13:00:00Z,11011,health_connect
2023-11-24T13:00:00Z,4232,health_connect
2023-11-25T13:00:00Z,4142,health_connect
2023-11-26T13:00:00Z,2419,health_connect
2023-11-27T13:00:00Z,2538,health_connect
2023-11-28T13:00:00Z,9153,health_connect
2023-11-29T13:00:00Z,5872,health_connect
2023-11-30T13:00:00Z,7009,health_connect
2023-12-01T13:00:00Z,2914,health_connect
2023-12-02T13:00:00Z,1936,health_connect
2023-12-03T13:00:00Z,5228,health_connect
2023-12-04T13:00:00Z,4804,health_connect
2023-12-05T13:00:00Z,2298,health_connect
2023-12-06T13:00:00Z,6718,health_connect
2023-12-07T13:00:00Z,10125,health_connect
2023-12-08T13:00:00Z,1586,health_connect
2023-12-09T13:00:00Z,1439,health_connect
2023-12-10T13:00:00Z,3267,health_connect
2023-12-11T13:00:00Z,4353,health_connect
2023-12-12T13:00:00Z,226,health_connect
2023-12-23T13:00:00Z,1166,health_connect
2024-01-09T13:00:00Z,570,health_connect
2024-01-13T13:00:00Z,3199,health_connect
2024-01-22T13:00:00Z,619,health_connect
2024-01-24T13:00:00Z,85,health_connect
2024-01-31T13:00:00Z,996,health_connect
2024-02-01T13:00:00Z,3415,health_connect
2024-02-02T13:00:00Z,1996,health_connect
2024-02-04T13:00:00Z,5333,health_connect
2024-02-05T13:00:00Z,5335,health_connect
2024-02-06T13:00:00Z,3674,health_connect
2024-02-07T13:00:00Z,1029,health_connect
2024-02-08T13:00:00Z,69,health_connect
2024-02-09T13:00:00Z,98,health_connect
2024-02-10T13:00:00Z,753,health_connect
2024-02-11T13:00:00Z,1548,health_connect
2024-02-12T13:00:00Z,1489,health_connect
2024-02-13T13:00:00Z,3281,health_connect
2024-02-14T13:00:00Z,2652,health_connect
2024-02-15T13:00:00Z,3532,health_connect
2024-02-16T13:00:00Z,267,health_connect
2024-02-17T13:00:00Z,194,health_connect
2024-02-18T13:00:00Z,1175,health_connect
2024-02-20T13:00:00Z,3454,health_connect
2024-02-21T13:00:00Z,2708,health_connect
2024-02-22T13:00:00Z,5425,health_connect
2024-02-25T13:00:00Z,1083,health_connect
2024-02-26T13:00:00Z,1880,health_connect
2024-02-27T13:00:00Z,5937,health_connect
2024-02-28T13:00:00Z,1590,health_connect
2024-02-29T13:00:00Z,88,health_connect
2024-03-10T13:00:00Z,5736,health_connect
2024-03-11T13:00:00Z,110,health_connect
2024-03-14T13:00:00Z,57,health_connect
2024-03-15T13:00:00Z,98,health_connect
2024-03-25T13:00:00Z,160,health_connect
2024-03-27T13:00:00Z,4687,health_connect
2024-04-07T14:00:00Z,2283,health_connect
2024-04-11T14:00:00Z,4101,health_connect
2024-04-13T14:00:00Z,921,health_connect
2024-04-17T14:00:00Z,3406,health_connect
2024-04-19T14:00:00Z,45,health_connect
2024-04-23T14:00:00Z,2617,health_connect
2024-05-01T14:00:00Z,6743,health_connect
2024-05-05T14:00:00Z,5092,health_connect
2024-05-07T14:00:00Z,5178,health_connect
2024-05-09T14:00:00Z,4959,health_connect
2024-05-10T14:00:00Z,580,health_connect
2024-05-13T14:00:00Z,1369,health_connect
2024-05-19T14:00:00Z,1687,health_connect
2024-05-21T14:00:00Z,3742,health_connect
2024-06-06T14:00:00Z,1896,health_connect
2024-06-09T14:00:00Z,1619,health_connect
2024-06-10T14:00:00Z,1278,health_connect
2024-06-12T14:00:00Z,9739,health_connect
2024-06-13T14:00:00Z,11323,health_connect
2024-06-17T14:00:00Z,8235,health_connect
2024-06-19T14:00:00Z,1939,health_connect
2024-06-20T14:00:00Z,5057,health_connect
2024-06-21T14:00:00Z,878,health_connect
2024-06-24T14:00:00Z,4474,health_connect
2024-06-30T14:00:00Z,16,health_connect
2024-07-05T14:00:00Z,205,health_connect
2024-07-07T14:00:00Z,1587,health_connect
2024-07-10T14:00:00Z,456,health_connect
2024-07-11T14:00:00Z,794,health_connect
2024-08-05T14:00:00Z,1965,health_connect
2024-08-08T14:00:00Z,4544,health_connect
2024-08-10T14:00:00Z,108,health_connect
2024-08-13T14:00:00Z,1453,health_connect
2024-08-23T14:00:00Z,9365,health_connect
2024-08-24T14:00:00Z,17863,health_connect
2024-08-25T14:00:00Z,1101,health_connect
2024-08-26T14:00:00Z,2102,health_connect
2024-09-02T14:00:00Z,1263,health_connect
2024-09-05T14:00:00Z,1340,health_connect
2024-09-08T14:00:00Z,1696,health_connect
2024-11-03T13:00:00Z,125,health_connect
2024-11-10T13:00:00Z,2251,health_connect
2024-11-18T13:00:00Z,2353,health_connect
2024-11-20T13:00:00Z,2045,health_connect
2024-12-07T13:00:00Z,633,health_connect
2024-12-09T13:00:00Z,1611,health_connect
2024-12-11T13:00:00Z,1449,health_connect
2024-12-16T13:00:00Z,3705,health_connect
2024-12-18T13:00:00Z,2515,health_connect
2024-12-27T13:00:00Z,1506,health_connect
2024-12-28T13:00:00Z,2037,health_connect
2024-12-29T13:00:00Z,1404,health_connect
2025-01-17T13:00:00Z,1100,health_connect
2025-01-21T13:00:00Z,6740,health_connect
2025-01-31T13:00:00Z,1042,fitbit
2025-02-01T13:00:00Z,381,fitbit
2025-02-02T13:00:00Z,3000,fitbit
2025-02-03T13:00:00Z,2263,fitbit
2025-02-04T13:00:00Z,3012,fitbit
2025-02-05T13:00:00Z,1765,fitbit
2025-02-06T13:00:00Z,4600,health_connect
2025-02-06T13:00:00Z,4600,fitbit
2025-02-07T13:00:00Z,3032,fitbit
2025-02-08T13:00:00Z,1087,fitbit
2025-02-09T13:00:00Z,3091,fitbit
2025-02-10T13:00:00Z,3221,health_connect
2025-02-10T13:00:00Z,3221,fitbit
2025-02-11T13:00:00Z,5014,fitbit
2025-02-12T13:00:00Z,3485,fitbit
2025-02-13T13:00:00Z,2202,fitbit
2025-02-14T13:00:00Z,6409,fitbit
2025-02-15T13:00:00Z,4906,health_connect
2025-02-15T13:00:00Z,4906,fitbit
2025-02-16T13:00:00Z,7108,fitbit
2025-02-17T13:00:00Z,3664,fitbit
2025-02-18T13:00:00Z,581,fitbit
2025-02-19T13:00:00Z,4764,fitbit
2025-02-20T13:00:00Z,6784,fitbit
2025-02-21T13:00:00Z,8269,fitbit
2025-02-22T13:00:00Z,2635,fitbit
2025-02-23T13:00:00Z,2999,fitbit
2025-02-24T13:00:00Z,5197,fitbit
2025-02-25T13:00:00Z,5129,fitbit
2025-02-26T13:00:00Z,4296,fitbit
2025-02-27T13:00:00Z,1421,fitbit
2025-02-28T13:00:00Z,1053,fitbit
2025-03-01T13:00:00Z,568,fitbit
2025-03-02T13:00:00Z,3312,fitbit
2025-03-03T13:00:00Z,4940,fitbit
2025-03-04T13:00:00Z,3631,fitbit
2025-03-05T13:00:00Z,8150,fitbit
2025-03-06T13:00:00Z,4105,fitbit
2025-03-07T13:00:00Z,1881,fitbit
2025-03-08T13:00:00Z,3990,fitbit
2025-03-09T13:00:00Z,2332,fitbit
2025-03-10T13:00:00Z,5355,health_connect
2025-03-10T13:00:00Z,5355,fitbit
2025-03-11T13:00:00Z,4031,fitbit
2025-03-12T13:00:00Z,8318,fitbit
2025-03-13T13:00:00Z,4743,fitbit
2025-03-14T13:00:00Z,5210,fitbit
2025-03-15T13:00:00Z,2479,fitbit
2025-03-16T13:00:00Z,6340,fitbit
2025-03-17T13:00:00Z,7228,fitbit
2025-03-18T13:00:00Z,5213,fitbit
2025-03-19T13:00:00Z,5032,fitbit
2025-03-20T13:00:00Z,9045,fitbit
2025-03-21T13:00:00Z,1601,health_connect
2025-03-21T13:00:00Z,8555,fitbit
2025-03-22T13:00:00Z,1273,fitbit
2025-03-23T13:00:00Z,1190,health_connect
2025-03-23T13:00:00Z,6537,fitbit
2025-03-24T13:00:00Z,7611,fitbit
2025-03-25T13:00:00Z,2232,health_connect
2025-03-25T13:00:00Z,2232,fitbit
2025-03-26T13:00:00Z,3133,health_connect
2025-03-26T13:00:00Z,3133,fitbit
2025-03-27T13:00:00Z,2694,fitbit
2025-03-28T13:00:00Z,4059,health_connect
2025-03-28T13:00:00Z,4059,fitbit
2025-03-29T13:00:00Z,3226,fitbit
2025-03-30T13:00:00Z,6015,fitbit
2025-03-31T13:00:00Z,5509,fitbit
2025-04-01T13:00:00Z,4917,fitbit
2025-04-02T13:00:00Z,851,fitbit
2025-04-03T13:00:00Z,5586,fitbit
2025-04-04T13:00:00Z,4760,fitbit
2025-04-05T14:00:00Z,2693,fitbit
2025-04-06T14:00:00Z,2165,fitbit
2025-04-07T14:00:00Z,4771,fitbit
2025-04-08T14:00:00Z,353,fitbit
2025-04-09T14:00:00Z,4511,fitbit
2025-04-10T14:00:00Z,1745,fitbit
2025-04-11T14:00:00Z,558,fitbit
2025-04-20T14:00:00Z,646,fitbit
2025-04-22T14:00:00Z,1653,fitbit
2025-05-23T14:00:00Z,1925,health_connect
2025-05-23T14:00:00Z,1925,fitbit
2025-05-24T14:00:00Z,434,health_connect
2025-05-24T14:00:00Z,434,fitbit
2025-05-25T14:00:00Z,362,health_connect
2025-05-25T14:00:00Z,362,fitbit
2025-05-26T14:00:00Z,2206,health_connect
2025-05-26T14:00:00Z,2206,fitbit
2025-05-27T14:00:00Z,2067,health_connect
2025-05-27T14:00:00Z,2067,fitbit
2025-05-28T14:00:00Z,7008,health_connect
2025-05-28T14:00:00Z,7008,fitbit
2025-05-29T14:00:00Z,2820,health_connect
2025-05-29T14:00:00Z,2820,fitbit
2025-05-30T14:00:00Z,23,health_connect
2025-05-30T14:00:00Z,23,fitbit
2025-05-31T14:00:00Z,214,health_connect
2025-05-31T14:00:00Z,214,fitbit
2025-06-01T14:00:00Z,1783,health_connect
2025-06-01T14:00:00Z,1783,fitbit
2025-06-02T14:00:00Z,1578,health_connect
2025-06-02T14:00:00Z,1578,fitbit
2025-06-03T14:00:00Z,780,health_connect
2025-06-03T14:00:00Z,780,fitbit
2025-06-04T14:00:00Z,2739,health_connect
2025-06-04T14:00:00Z,2741,fitbit
2025-06-05T14:00:00Z,470,health_connect
2025-06-05T14:00:00Z,485,fitbit
2025-06-06T14:00:00Z,3820,health_connect
2025-06-06T14:00:00Z,3820,fitbit
2025-06-07T14:00:00Z,998,health_connect
2025-06-07T14:00:00Z,998,fitbit
2025-06-08T14:00:00Z,988,health_connect
2025-06-08T14:00:00Z,988,fitbit
2025-06-09T14:00:00Z,2858,health_connect
2025-06-09T14:00:00Z,2858,fitbit
2025-06-10T14:00:00Z,617,health_connect
2025-06-10T14:00:00Z,617,fitbit
2025-06-11T14:00:00Z,2129,health_connect
2025-06-11T14:00:00Z,2129,fitbit
2025-06-12T14:00:00Z,1136,health_connect
2025-06-12T14:00:00Z,1136,fitbit
2025-06-13T14:00:00Z,2573,health_connect
2025-06-13T14:00:00Z,2573,fitbit
2025-06-14T14:00:00Z,920,health_connect
2025-06-14T14:00:00Z,920,fitbit
2025-06-15T14:00:00Z,4169,health_connect
2025-06-15T14:00:00Z,3706,fitbit
2025-06-16T14:00:00Z,1743,health_connect
2025-06-16T14:00:00Z,1743,fitbit
2025-06-17T14:00:00Z,2687,health_connect
2025-06-17T14:00:00Z,2609,fitbit
2025-06-18T14:00:00Z,944,health_connect
2025-06-18T14:00:00Z,489,fitbit
2025-06-19T14:00:00Z,286,health_connect
2025-06-19T14:00:00Z,276,fitbit
2025-06-20T14:00:00Z,1619,health_connect
2025-06-20T14:00:00Z,1619,fitbit
2025-06-21T14:00:00Z,675,health_connect
2025-06-21T14:00:00Z,675,fitbit
2025-06-22T14:00:00Z,4929,health_connect
2025-06-22T14:00:00Z,4264,fitbit
2025-06-23T14:00:00Z,2026,health_connect
2025-06-23T14:00:00Z,1816,fitbit
2025-06-24T14:00:00Z,4079,health_connect
2025-06-24T14:00:00Z,3568,fitbit
2025-06-25T14:00:00Z,5204,health_connect
2025-06-25T14:00:00Z,3343,fitbit
2025-06-26T14:00:00Z,6185,health_connect
2025-06-26T14:00:00Z,5644,fitbit
2025-06-27T14:00:00Z,10215,health_connect
2025-06-27T14:00:00Z,10215,fitbit
2025-06-28T14:00:00Z,1840,health_connect
2025-06-28T14:00:00Z,1767,fitbit
2025-06-29T14:00:00Z,2471,health_connect
2025-06-29T14:00:00Z,2435,fitbit
2025-06-30T14:00:00Z,9971,health_connect
2025-07-01T14:00:00Z,1306,health_connect
2025-07-02T14:00:00Z,4572,health_connect
2025-07-03T14:00:00Z,4783,health_connect
2025-07-04T14:00:00Z,3363,health_connect
2025-07-05T14:00:00Z,2569,health_connect
2025-07-06T14:00:00Z,466,health_connect
2025-07-07T14:00:00Z,1219,health_connect
2025-07-08T14:00:00Z,1170,health_connect
2025-07-09T14:00:00Z,2406,health_connect
2025-07-10T14:00:00Z,3592,health_connect
2025-07-11T14:00:00Z,1604,health_connect
2025-07-12T14:00:00Z,1755,health_connect
2025-07-13T14:00:00Z,2950,health_connect
2025-07-14T14:00:00Z,1217,health_connect
2025-07-15T14:00:00Z,2283,health_connect
2025-07-16T14:00:00Z,3357,health_connect
2025-07-17T14:00:00Z,3935,health_connect
2025-07-18T14:00:00Z,4485,health_connect
2025-07-19T14:00:00Z,2473,health_connect
2025-07-20T14:00:00Z,2173,health_connect
2025-07-21T14:00:00Z,2530,health_connect
2025-07-22T14:00:00Z,4479,health_connect
2025-07-23T14:00:00Z,3855,health_connect
2025-07-24T14:00:00Z,2213,health_connect
2025-07-25T14:00:00Z,2762,health_connect
2025-07-26T14:00:00Z,4779,health_connect
2025-07-27T14:00:00Z,3472,health_connect
2025-07-28T14:00:00Z,831,health_connect
2025-07-29T14:00:00Z,2641,health_connect
2025-07-30T14:00:00Z,6380,health_connect
2025-07-31T14:00:00Z,1307,health_connect
2025-08-01T14:00:00Z,1885,health_connect
2025-08-02T14:00:00Z,1555,health_connect
2025-08-03T14:00:00Z,1299,health_connect
2025-08-04T14:00:00Z,6085,health_connect
2025-08-05T14:00:00Z,5408,health_connect
2025-08-06T14:00:00Z,2129,health_connect
2025-08-07T14:00:00Z,815,health_connect
2025-08-08T14:00:00Z,1146,health_connect
2025-08-09T14:00:00Z,1303,health_connect
2025-08-10T14:00:00Z,1394,health_connect
2025-08-11T14:00:00Z,2279,health_connect
2025-08-12T14:00:00Z,3038,health_connect
2025-08-13T14:00:00Z,871,health_connect
2025-08-14T14:00:00Z,992,health_connect
2025-08-15T14:00:00Z,984,health_connect
2025-08-16T14:00:00Z,1322,health_connect
2025-08-17T14:00:00Z,834,health_connect
2025-08-18T14:00:00Z,282,health_connect
2025-08-19T14:00:00Z,2218,health_connect
2025-08-20T14:00:00Z,3106,health_connect
2025-08-21T14:00:00Z,4861,health_connect
2025-08-22T14:00:00Z,1371,health_connect
2025-08-23T14:00:00Z,838,health_connect
2025-08-24T14:00:00Z,3711,health_connect
2025-08-25T14:00:00Z,1391,health_connect
2025-08-26T14:00:00Z,2571,health_connect
2025-08-27T14:00:00Z,1175,health_connect
2025-08-28T14:00:00Z,1582,health_connect
2025-08-29T14:00:00Z,326,health_connect
2025-08-30T14:00:00Z,552,health_connect
2025-08-31T14:00:00Z,1165,health_connect
2025-09-01T14:00:00Z,3316,health_connect
2025-09-02T14:00:00Z,1719,health_connect
2025-09-03T14:00:00Z,1023,health_connect
2025-09-04T14:00:00Z,1514,health_connect
2025-09-05T14:00:00Z,1880,health_connect
2025-09-06T14:00:00Z,781,health_connect
2025-09-07T14:00:00Z,2011,health_connect
2025-09-08T14:00:00Z,2594,health_connect
2025-09-09T14:00:00Z,1357,health_connect
2025-09-10T14:00:00Z,5410,health_connect
2025-09-11T14:00:00Z,699,health_connect
2025-09-12T14:00:00Z,1499,health_connect
2025-09-13T14:00:00Z,490,health_connect
2025-09-14T14:00:00Z,5264,health_connect
2025-09-15T14:00:00Z,3013,health_connect
2025-09-16T14:00:00Z,2656,health_connect
2025-09-17T14:00:00Z,1543,health_connect
2025-09-18T14:00:00Z,1220,health_connect
2025-09-19T14:00:00Z,1295,health_connect
2025-09-20T14:00:00Z,840,health_connect
2025-09-21T14:00:00Z,1902,health_connect
2025-09-22T14:00:00Z,1882,health_connect
2025-09-23T14:00:00Z,1467,health_connect
2025-09-24T14:00:00Z,2464,health_connect
2025-09-25T14:00:00Z,1176,health_connect
2025-09-26T14:00:00Z,571,health_connect
2025-09-27T14:00:00Z,605,health_connect
2025-09-28T14:00:00Z,1285,health_connect
2025-09-29T14:00:00Z,897,health_connect
2025-09-30T14:00:00Z,3672,health_connect
2025-10-01T14:00:00Z,1250,health_connect
2025-10-02T14:00:00Z,951,health_connect
2025-10-03T14:00:00Z,4934,health_connect
2025-10-04T14:00:00Z,1037,health_connect
2025-10-05T13:00:00Z,1504,health_connect
2025-10-06T13:00:00Z,378,health_connect
2025-10-07T13:00:00Z,3260,health_connect
2025-10-08T13:00:00Z,823,health_connect
2025-10-09T13:00:00Z,1618,health_connect
2025-10-10T13:00:00Z,351,health_connect
2025-10-11T13:00:00Z,7938,health_connect
2025-10-12T13:00:00Z,425,health_connect
2025-10-13T13:00:00Z,1190,health_connect
2025-10-14T13:00:00Z,302,health_connect
2025-10-15T13:00:00Z,1494,health_connect
2025-10-16T13:00:00Z,528,health_connect
2025-10-17T13:00:00Z,1699,health_connect
2025-10-18T13:00:00Z,134,health_connect
2025-10-19T13:00:00Z,3928,health_connect
2025-10-20T13:00:00Z,1465,health_connect
2025-10-21T13:00:00Z,59,health_connect
2025-10-22T13:00:00Z,8985,health_connect
2025-10-22T13:00:00Z,1181,fitbit
2025-10-23T13:00:00Z,3233,health_connect
2025-10-23T13:00:00Z,1208,fitbit
2025-10-24T13:00:00Z,2095,health_connect
2025-10-24T13:00:00Z,781,fitbit
2025-10-25T13:00:00Z,1202,health_connect
2025-10-25T13:00:00Z,542,fitbit
2025-10-26T13:00:00Z,1566,health_connect
2025-10-26T13:00:00Z,148,fitbit
2025-10-27T13:00:00Z,3565,health_connect
2025-10-27T13:00:00Z,3291,fitbit
2025-10-28T13:00:00Z,268,health_connect
2025-10-28T13:00:00Z,3922,fitbit
2025-10-29T13:00:00Z,199,fitbit
2025-10-30T13:00:00Z,1179,fitbit
2025-10-31T13:00:00Z,1015,health_connect
2025-10-31T13:00:00Z,1585,fitbit
2025-11-01T13:00:00Z,685,health_connect
2025-11-01T13:00:00Z,725,fitbit
2025-11-02T13:00:00Z,4607,fitbit
2025-11-03T13:00:00Z,309,health_connect
2025-11-03T13:00:00Z,309,fitbit
2025-11-04T13:00:00Z,2143,fitbit
2025-11-05T13:00:00Z,6365,fitbit
2025-11-06T13:00:00Z,1867,fitbit
2025-11-07T13:00:00Z,2340,fitbit
2025-11-08T13:00:00Z,4396,fitbit
2025-11-09T13:00:00Z,1478,fitbit
2025-11-10T13:00:00Z,6487,fitbit
2025-11-11T13:00:00Z,1071,health_connect
2025-11-11T13:00:00Z,1071,fitbit
2025-11-12T13:00:00Z,3603,fitbit
2025-11-13T13:00:00Z,2716,fitbit
2025-11-14T13:00:00Z,4789,fitbit
2025-11-15T13:00:00Z,2522,fitbit
2025-11-16T13:00:00Z,3179,fitbit
2025-11-17T13:00:00Z,2386,fitbit
2025-11-18T13:00:00Z,1793,fitbit
2025-11-19T13:00:00Z,1535,health_connect
2025-11-19T13:00:00Z,1535,fitbit
2025-11-20T13:00:00Z,1387,fitbit
2025-11-21T13:00:00Z,5431,fitbit
2025-11-22T13:00:00Z,5371,fitbit
2025-11-23T13:00:00Z,4053,fitbit
2025-11-24T13:00:00Z,4796,fitbit
2025-11-25T13:00:00Z,1021,fitbit
2025-11-26T13:00:00Z,3975,fitbit
2025-11-27T13:00:00Z,2224,fitbit
2025-11-28T13:00:00Z,629,fitbit
2025-11-29T13:00:00Z,1265,fitbit
2025-11-30T13:00:00Z,2114,fitbit
2025-12-01T13:00:00Z,1646,fitbit
2025-12-01T13:00:00Z,1646,fitbit
2025-12-02T13:00:00Z,5533,fitbit
2025-12-03T13:00:00Z,4120,health_connect
2025-12-03T13:00:00Z,4120,fitbit
2025-12-04T13:00:00Z,3341,fitbit
2025-12-05T13:00:00Z,1663,health_connect
2025-12-05T13:00:00Z,1663,fitbit
2025-12-05T13:00:00Z,1663,fitbit
2025-12-06T13:00:00Z,3767,fitbit
2025-12-07T13:00:00Z,4968,health_connect
2025-12-07T13:00:00Z,7614,fitbit
2025-12-07T13:00:00Z,4968,fitbit
2025-12-08T13:00:00Z,2646,health_connect
2025-12-08T13:00:00Z,2646,fitbit
2025-12-09T13:00:00Z,4614,health_connect
2025-12-09T13:00:00Z,4614,fitbit
2025-12-10T13:00:00Z,1507,health_connect
2025-12-10T13:00:00Z,1507,fitbit
2025-12-10T13:00:00Z,1507,fitbit
2025-12-11T13:00:00Z,2391,fitbit
2025-12-12T13:00:00Z,2991,fitbit
2025-12-13T13:00:00Z,1657,fitbit
2025-12-14T13:00:00Z,3608,fitbit
2025-12-15T13:00:00Z,3703,fitbit
2025-12-16T13:00:00Z,3826,fitbit
2025-12-17T13:00:00Z,4700,fitbit
2025-12-18T13:00:00Z,274,health_connect
2025-12-18T13:00:00Z,274,fitbit
2025-12-18T13:00:00Z,5039,fitbit
2025-12-19T13:00:00Z,751,health_connect
2025-12-19T13:00:00Z,927,fitbit
2025-12-19T13:00:00Z,4531,fitbit
2025-12-20T13:00:00Z,176,health_connect
2025-12-20T13:00:00Z,2310,fitbit
2025-12-21T13:00:00Z,1298,health_connect
2025-12-21T13:00:00Z,1298,fitbit
2025-12-22T13:00:00Z,2569,health_connect
2025-12-22T13:00:00Z,2687,fitbit
2025-12-22T13:00:00Z,2569,fitbit
2025-12-23T13:00:00Z,118,health_connect
2025-12-23T13:00:00Z,10872,fitbit
2025-12-24T13:00:00Z,2193,health_connect
2025-12-24T13:00:00Z,1950,fitbit
2025-12-24T13:00:00Z,6055,fitbit
2025-12-25T13:00:00Z,209,health_connect
2025-12-25T13:00:00Z,1306,fitbit
2025-12-26T13:00:00Z,6243,health_connect
2025-12-26T13:00:00Z,6590,fitbit
2025-12-26T13:00:00Z,6243,fitbit
2025-12-27T13:00:00Z,369,health_connect
2025-12-27T13:00:00Z,4345,fitbit
2025-12-28T13:00:00Z,6533,fitbit
2025-12-29T13:00:00Z,3138,fitbit
2025-12-30T13:00:00Z,1962,health_connect
2025-12-30T13:00:00Z,1962,fitbit
2025-12-31T13:00:00Z,7,health_connect
2025-12-31T13:00:00Z,7,fitbit
2025-12-31T13:00:00Z,4251,fitbit
2026-01-01T13:00:00Z,2830,fitbit
2026-01-01T13:00:00Z,5058,fitbit
2026-01-02T13:00:00Z,2830,fitbit
2026-01-03T13:00:00Z,1080,fitbit
2026-01-03T13:00:00Z,1080,fitbit
2026-01-04T13:00:00Z,2666,fitbit
2026-01-05T13:00:00Z,1945,fitbit
2026-01-06T13:00:00Z,2088,fitbit
2026-01-06T13:00:00Z,2088,fitbit
2026-01-07T13:00:00Z,4966,fitbit
2026-01-08T13:00:00Z,1313,health_connect
2026-01-08T13:00:00Z,7751,fitbit
2026-01-09T13:00:00Z,3501,health_connect
2026-01-10T13:00:00Z,2903,health_connect
2026-01-10T13:00:00Z,6903,fitbit
2026-01-11T13:00:00Z,849,health_connect
2026-01-12T13:00:00Z,2905,health_connect
2026-01-12T13:00:00Z,6741,fitbit
2026-01-13T13:00:00Z,3838,health_connect
2026-01-13T13:00:00Z,18517,fitbit
2026-01-14T13:00:00Z,3464,health_connect
2026-01-15T13:00:00Z,900,health_connect
2026-01-15T13:00:00Z,2645,fitbit
2026-01-16T13:00:00Z,1404,health_connect
2026-01-16T13:00:00Z,5701,fitbit
2026-01-17T13:00:00Z,775,health_connect
2026-01-18T13:00:00Z,2576,health_connect
2026-01-18T13:00:00Z,6873,fitbit
2026-01-19T13:00:00Z,1505,health_connect
2026-01-19T13:00:00Z,7391,fitbit
2026-01-20T13:00:00Z,1764,health_connect
2026-01-21T13:00:00Z,3429,health_connect
2026-01-21T13:00:00Z,8811,fitbit
2026-01-22T13:00:00Z,1323,health_connect
2026-01-22T13:00:00Z,4572,fitbit
2026-01-23T13:00:00Z,920,health_connect
2026-01-24T13:00:00Z,1569,health_connect
2026-01-24T13:00:00Z,2780,fitbit
2026-01-25T13:00:00Z,768,health_connect
2026-01-25T13:00:00Z,6217,fitbit
2026-01-26T13:00:00Z,2186,health_connect
2026-01-27T13:00:00Z,3213,health_connect
2026-01-27T13:00:00Z,8454,fitbit
2026-01-28T13:00:00Z,664,health_connect
2026-01-28T13:00:00Z,2435,fitbit
2026-01-29T13:00:00Z,793,health_connect
2026-01-30T13:00:00Z,744,health_connect
2026-01-30T13:00:00Z,1356,fitbit
2026-01-31T13:00:00Z,837,health_connect
2026-01-31T13:00:00Z,4250,fitbit
2026-02-01T13:00:00Z,1159,health_connect
2026-02-02T13:00:00Z,4867,health_connect
2026-02-02T13:00:00Z,13413,fitbit
2026-02-03T13:00:00Z,2820,health_connect
2026-02-03T13:00:00Z,10559,fitbit
2026-02-04T13:00:00Z,1242,health_connect
2026-02-05T13:00:00Z,4935,health_connect
2026-02-05T13:00:00Z,11451,fitbit
2026-02-06T13:00:00Z,768,health_connect
2026-02-06T13:00:00Z,5186,fitbit
2026-02-07T13:00:00Z,1285,health_connect
2026-02-08T13:00:00Z,3108,health_connect
2026-02-08T13:00:00Z,8263,fitbit
2026-02-09T13:00:00Z,1195,health_connect
2026-02-09T13:00:00Z,9075,fitbit
2026-02-10T13:00:00Z,2805,health_connect
2026-02-11T13:00:00Z,2445,health_connect
2026-02-11T13:00:00Z,4496,fitbit
2026-02-12T13:00:00Z,938,health_connect
2026-02-12T13:00:00Z,3863,fitbit
2026-02-13T13:00:00Z,740,health_connect
2026-02-14T13:00:00Z,1560,health_connect
2026-02-14T13:00:00Z,4202,fitbit
2026-02-15T13:00:00Z,2173,health_connect
2026-02-15T13:00:00Z,6761,fitbit
2026-02-16T13:00:00Z,628,health_connect
2026-02-17T13:00:00Z,3934,health_connect
2026-02-17T13:00:00Z,9732,fitbit
2026-02-18T13:00:00Z,1679,health_connect
2026-02-18T13:00:00Z,7005,fitbit
2026-02-19T13:00:00Z,1563,health_connect
2026-02-20T13:00:00Z,815,health_connect
2026-02-20T13:00:00Z,2067,fitbit
2026-02-20T13:00:00Z,815,fitbit
2026-02-21T13:00:00Z,287,health_connect
2026-02-21T13:00:00Z,2384,fitbit
2026-02-21T13:00:00Z,287,fitbit
2026-02-22T13:00:00Z,1354,health_connect
2026-02-22T13:00:00Z,1274,fitbit
2026-02-23T13:00:00Z,1504,health_connect
2026-02-23T13:00:00Z,1220,fitbit
2026-02-24T13:00:00Z,1479,health_connect
2026-02-24T13:00:00Z,1257,fitbit
2026-02-25T13:00:00Z,1457,health_connect
2026-02-25T13:00:00Z,1411,fitbit
2026-02-26T13:00:00Z,1735,health_connect
2026-02-26T13:00:00Z,1698,fitbit
2026-02-27T13:00:00Z,4102,health_connect
2026-02-27T13:00:00Z,1535,fitbit
2026-02-28T13:00:00Z,2195,health_connect
2026-02-28T13:00:00Z,1626,fitbit
2026-03-01T13:00:00Z,2063,health_connect
2026-03-01T13:00:00Z,1461,fitbit
2026-03-02T13:00:00Z,2629,health_connect
2026-03-02T13:00:00Z,1955,fitbit
2026-03-03T13:00:00Z,751,health_connect
2026-03-03T13:00:00Z,572,fitbit
2026-03-04T13:00:00Z,938,health_connect
2026-03-04T13:00:00Z,938,fitbit
2026-03-05T13:00:00Z,1280,health_connect
2026-03-05T13:00:00Z,1097,fitbit
2026-03-06T13:00:00Z,2227,health_connect
2026-03-06T13:00:00Z,2227,fitbit
2026-03-07T13:00:00Z,382,health_connect
2026-03-07T13:00:00Z,378,fitbit
2026-03-08T13:00:00Z,381,health_connect
